{
    "name": "TTGO TWatch Library",
    "keywords": "Device Conterl,TWatch,Watch,TTGO",
    "description": "Arduino Library for LilyGo T-Watch & LilyPi & T-Block development kit",
    "repository": {
        "type": "git",
        "url": "https://github.com/Xinyuan-LilyGO/TTGO_TWatch_Library.git"
    },
    "authors": [
        {
            "name": "Xinyuan Electronics",
            "email": "lily@lilygo.cc",
            "url": "https://github.com/Xinyuan-LilyGO",
            "maintainer": true
        }
    ],
    "version": "1.4.2",
    "frameworks": "arduino",
    "platforms": "esp32"
}